-- =============================================
-- Seed data — run after schema.sql
-- =============================================

-- Spaces
insert into public.spaces (id, name, color) values
  ('11111111-0000-0000-0000-000000000001', 'HKMU', '#0f62fe'),
  ('11111111-0000-0000-0000-000000000002', 'SFU', '#0e6027');

-- Folders (HKMU)
insert into public.folders (id, name, space_id) values
  ('22222222-0000-0000-0000-000000000001', 'AOM - Practice Custom.', '11111111-0000-0000-0000-000000000001'),
  ('22222222-0000-0000-0000-000000000002', 'Tracheostomy', '11111111-0000-0000-0000-000000000001'),
  ('22222222-0000-0000-0000-000000000003', 'Mechanical Ventilation', '11111111-0000-0000-0000-000000000001'),
  ('22222222-0000-0000-0000-000000000004', 'GI Case - Pre/Post Op', '11111111-0000-0000-0000-000000000001');

-- Folders (SFU)
insert into public.folders (id, name, space_id) values
  ('22222222-0000-0000-0000-000000000011', 'AOM', '11111111-0000-0000-0000-000000000002'),
  ('22222222-0000-0000-0000-000000000012', 'Accupuncture', '11111111-0000-0000-0000-000000000002'),
  ('22222222-0000-0000-0000-000000000013', 'Neurological', '11111111-0000-0000-0000-000000000002'),
  ('22222222-0000-0000-0000-000000000014', 'NG Tube Insertion', '11111111-0000-0000-0000-000000000002'),
  ('22222222-0000-0000-0000-000000000015', 'Muskoskeletal', '11111111-0000-0000-0000-000000000002'),
  ('22222222-0000-0000-0000-000000000016', 'Oropharyngeal Suction', '11111111-0000-0000-0000-000000000002'),
  ('22222222-0000-0000-0000-000000000017', 'Insulin Administration', '11111111-0000-0000-0000-000000000002'),
  ('22222222-0000-0000-0000-000000000018', 'AOM - IPMOE', '11111111-0000-0000-0000-000000000002');

-- Tasks — HKMU Tracheostomy (active project)
insert into public.tasks (title, space_id, folder_id, assignee, status, due_date, start_date, phase, duration, notes) values
  ('Storyboard & Concept Dev', '11111111-0000-0000-0000-000000000001', '22222222-0000-0000-0000-000000000002', 'PM, Client', 'done', '2026-01-23', null, 'dev', '4w', null),
  ('3D Asset Development', '11111111-0000-0000-0000-000000000001', '22222222-0000-0000-0000-000000000002', 'PM', 'in-progress', '2026-04-03', '2026-03-06', 'dev', '4w', null),
  ('Sandbox Development', '11111111-0000-0000-0000-000000000001', '22222222-0000-0000-0000-000000000002', 'PM', 'in-progress', '2026-04-10', '2026-03-09', 'dev', '5w', null),
  ('Handover & Patient Assessment - sandbox', '11111111-0000-0000-0000-000000000001', '22222222-0000-0000-0000-000000000002', 'PM', 'done', '2026-03-20', '2026-03-06', 'dev', '2w', null),
  ('Suctioning Prep & Procedure - sandbox', '11111111-0000-0000-0000-000000000001', '22222222-0000-0000-0000-000000000002', 'PM', 'done', '2026-04-03', '2026-03-23', 'dev', '2w', 'Easter holiday'),
  ('Care & Emergency Response - sandbox', '11111111-0000-0000-0000-000000000001', '22222222-0000-0000-0000-000000000002', 'PM', 'done', '2026-04-10', '2026-04-06', 'dev', '1w', null),
  ('Environment Backend Config', '11111111-0000-0000-0000-000000000001', '22222222-0000-0000-0000-000000000002', 'PM', 'in-progress', '2026-04-17', '2026-04-13', 'dev', '1w', null),
  ('Handover & Patient Assessment - logic', '11111111-0000-0000-0000-000000000001', '22222222-0000-0000-0000-000000000002', 'PM', 'in-progress', '2026-04-24', '2026-04-20', 'dev', '1w', 'This week'),
  ('Suctioning Prep & Procedure - logic', '11111111-0000-0000-0000-000000000001', '22222222-0000-0000-0000-000000000002', 'PM', 'todo', '2026-04-30', '2026-04-27', 'dev', '1w', '1 May holiday'),
  ('Care & Emergency Response - logic', '11111111-0000-0000-0000-000000000001', '22222222-0000-0000-0000-000000000002', 'PM', 'todo', '2026-05-08', '2026-05-04', 'dev', '1w', null),
  ('Monkey Test', '11111111-0000-0000-0000-000000000001', '22222222-0000-0000-0000-000000000002', 'PM', 'todo', '2026-06-05', '2026-05-25', 'dev', '2w', null),
  ('Bug Fixing', '11111111-0000-0000-0000-000000000001', '22222222-0000-0000-0000-000000000002', 'PM', 'todo', '2026-06-19', '2026-06-08', 'dev', '2w', null),
  ('Delivery', '11111111-0000-0000-0000-000000000001', '22222222-0000-0000-0000-000000000002', 'PM', 'todo', '2026-06-30', '2026-06-22', 'delivery', null, null),
  ('Client Final Review', '11111111-0000-0000-0000-000000000001', '22222222-0000-0000-0000-000000000002', 'Client', 'todo', '2026-06-30', null, 'delivery', '1w', null),
  ('Invoice Issuance', '11111111-0000-0000-0000-000000000001', '22222222-0000-0000-0000-000000000002', 'PM', 'todo', '2026-07-07', null, 'post', null, null);

-- Tasks — HKMU AOM (overdue)
insert into public.tasks (title, space_id, folder_id, assignee, status, due_date, phase, duration, notes) values
  ('Storyboard & Concept Dev', '11111111-0000-0000-0000-000000000001', '22222222-0000-0000-0000-000000000001', 'PM, Client', 'todo', '2025-11-01', 'dev', '4w', null),
  ('Delivery', '11111111-0000-0000-0000-000000000001', '22222222-0000-0000-0000-000000000001', 'PM', 'todo', '2026-01-12', 'delivery', null, 'Expected 12/1/2026');

-- Tasks — SFU NG Tube (active)
insert into public.tasks (title, space_id, folder_id, assignee, status, due_date, phase, duration) values
  ('Storyboard & Concept Dev', '11111111-0000-0000-0000-000000000002', '22222222-0000-0000-0000-000000000014', 'PM', 'done', '2026-01-26', 'dev', '3w'),
  ('Config: for NG Tube', '11111111-0000-0000-0000-000000000002', '22222222-0000-0000-0000-000000000014', 'PM', 'in-progress', '2026-04-03', 'dev', '2w'),
  ('Monkey Test', '11111111-0000-0000-0000-000000000002', '22222222-0000-0000-0000-000000000014', 'PM', 'todo', '2026-04-17', 'dev', '2w'),
  ('Delivery', '11111111-0000-0000-0000-000000000002', '22222222-0000-0000-0000-000000000014', 'PM', 'todo', '2026-04-27', 'delivery', null),
  ('Launch to Users', '11111111-0000-0000-0000-000000000002', '22222222-0000-0000-0000-000000000014', 'PM', 'todo', '2026-06-29', 'launch', null);

-- Tasks — SFU Neurological (partially done)
insert into public.tasks (title, space_id, folder_id, assignee, status, due_date, phase, duration) values
  ('Sandbox Development', '11111111-0000-0000-0000-000000000002', '22222222-0000-0000-0000-000000000013', 'PM', 'done', '2026-01-30', 'dev', '5w'),
  ('1st mini games GCS', '11111111-0000-0000-0000-000000000002', '22222222-0000-0000-0000-000000000013', 'PM', 'in-progress', '2026-02-13', 'dev', '1w'),
  ('Delivery', '11111111-0000-0000-0000-000000000002', '22222222-0000-0000-0000-000000000013', 'PM', 'todo', '2026-04-10', 'delivery', null);

-- Tasks — SFU Muskoskeletal
insert into public.tasks (title, space_id, folder_id, assignee, status, due_date, phase, duration) values
  ('Storyboard & Concept Dev', '11111111-0000-0000-0000-000000000002', '22222222-0000-0000-0000-000000000015', 'PM, Client', 'in-progress', '2026-03-23', 'dev', '4w'),
  ('3D Asset Development', '11111111-0000-0000-0000-000000000002', '22222222-0000-0000-0000-000000000015', 'PM', 'todo', '2026-04-20', 'dev', '4w'),
  ('Delivery', '11111111-0000-0000-0000-000000000002', '22222222-0000-0000-0000-000000000015', 'PM', 'todo', '2026-07-13', 'delivery', null);
